cleaned_headline_text,label
ode cabbag worthi delici brassica,0
ship stuck suez canal disrupt global trade make good meme,0
ex trump lawyer reason peopl accept fraud claim,0
america next covid cultur war,0
conserv judg made easier civilian sue cop,0
biden infrastructur plan bring showdown tax,0
final return work ever given dislodg suez canal,0
ye travi barker suck kourtney kardashian finger love,0
georgia court leav fox charg hen hous,0
hous democrat tap rep jami raskin craft organ effort,0
momentum shift filibust rule run friend,0
see damag flock bird caus utah jazz flight,0
start rotat remain washington foundat greatest hope,0
gaetz investig complic overtur father ex fbi agent went miss,0
jennif love hewitt objectifi young actor look back go ew,0
trump becam latest republican defend jan rioter,0
matt gaetz take conspiraci newsmax belong,0
filipino cycl way pandem,0
trump host first mani apprentic style republican meet,0
virgin galact unveil mirror coat space plane known spaceship iii,0
bt issu power statement anti asian hate we feel grief anger,0
iowa democrat rita hall drop bid hous seat lost vote,0
gop congressman happi tout covid stimulu fund vote,0
multipl peopl report shot dc neighborhood polic,0
volkswagen could end hot water voltswagen market stunt,0
one big problem matt gaetz explan,0
infrastructur bill could help job bounc back faster,0
delight vacat take chair,0
pine needl big busi mulch landscap,0
gender reveal stunt lead death plane crash,0
firefight call play chauvin trial they fuck kill him,0
biden judici pick tell us,0
latest shift american religios import,0
biden mark intern transgend day visibl first ever presidenti proclam kind,0
biden first press confer substant thought trump could never,0
ring latest video doorbel must seriou secur,0
everyon see ts madison new zola trailer,0
ron johnson stop scream silenc,0
qualiti issu baltimor vaccin plant delay johnson johnson vaccin,0
fox news pundit blow former trump offici your grifter,0
tucker carlson deni gaetz claim met wit fbi probe one weirdest interview ive ever done,0
perfect answer four year trump biden ambiti job plan,0
biden infrastructur plan could creat job boom fossil fuel,0
biden team launch major public educ campaign around covid vaccin,0
new yorker make subtl power point anti asian violenc new cover,0
weve immigr debat year enough,0
michel pfeiffer reign flaw french exit mesmer hauteur,0
rememb true blood hbo camp vampir fantasia,0
kevin durant accus use homophob misogynist slur privat messag actor michael rapaport,0
joe biden back move mlb star game georgia vote law,0
georgia base compani face boycott call vote bill,0
border crisi,0
break million bald men die appar,0
dh propos cyber respons recoveri fund state local govern,0
i superhero cuomo wrote book whose sole purpos portray superhero,0
legal expert confus detect wont reveal caus tiger wood crash,0
mila jam mark transgend day visibl stun new video,0
milit overrun mozambiqu oil town fear rise humanitarian catastroph,0
we thi biden unveil pro vaccin tv ad network grass root leader push shot,0
teen wit record georg floyd arrest testifi derek chauvin trial,0
former dem rep lose seat much less import give american health care coverag,0
ronni chieng takedown fox news anti asian bit goe viral,0
first korean american first ladi us stand silent,0
earn bonu mile capit one ventur credit card,0
one tell go menopaus,0
covid live updat us coronaviru fatal gave nation highest ever death toll cdc say,0
gop rep oppos congression gold medal capitol polic,0
us campaign huawei appear work chines tech giant lose sale outsid home market,0
gibraltar vaccin adult like,0
usc settl lawsuit women accus former univers gynecologist sexual abus,0
pfizer say covid vaccin protect children young,0
g gordon liddi waterg mastermind dead,0
former intellig analyst plead guilti disclos classifi inform report,0
elizabeth warren consid jump nerd,0
idri elba reflect incred lucki covid recoveri portray black cowboy,0
lesser royal weigh harri meghan drama,0
biden return pennsylvania ralli swing state voter massiv new spend road bridg,0
ambiti new infrastructur plan biden fool around,0
year old khloe kardashian trap bed parent sex,0
biden commiss examin suprem court term limit could unintend consequ,0
actual shrink pore here truth,0
goth hous real estat agent let us publish pic were polit,0
rep meng asian american commun been scream help,0
rep tim ryan call gop lawmak failur honor capitol polic shame,0
sex worker atlanta tri turn horror hope,0
hillari clinton back repeal filibust vote right bill,0
gov andrew cuomo hail anti trump anymor,0
godzilla vs kong director chang heart hbo max releas,0
two capitol polic offic sue trump physic emot injuri suffer riot,0
new zealand approv paid leav miscarriag wonder live america,0
carolyn hax live april pm et,0
britney spearss father would much like keep pay bill sinc,0
heinz beanz ketchup proud sponsor of michel visag,0
saturday night social love theater theatric art,0
georg will open day quiz,0
india abrupt lockdown forc million walk bike hitchhik home mani live never same,0
taiwan tsmc pour billion chipmak next three year,0
matthew mcconaughey trip ball,0
fun nft art fad could contribut planet liter destruct,0
trump gave drug compani win price biden may roll back,0
hous republican tout element relief bill vote kill,0
biden border crisi littl border,0
actor chet hank ex grant protect order amid abus alleg,0
pm updat shower tonight plu it turn cold windi time,0
bogu claim democrat seek regist illeg alien vote,0
fdr german shepherd major histori bite incid,0
pressur build justic breyer retir suprem court,0
poli styren black punk trailblaz scene forgot,0
bailout made wealthiest hospit even richer,0
easi easter ham recip slow cooker instant pot,0
author may alreadi screw atlanta shoot case,0
thing know april coronaviru white hous voter suppress russia ukrain california shoot,0
famou artist behind histori greatest album cover,0
ex prosecutor warn rep matt gaetz peril close incrimin himself,0
ingenu mar helicopt histor journey fli anoth planet,0
gop anti vote law would hurt even peopl jim crow,0
heal crystal pandem moment scienc say theyr pretti rock,0
capitol nation guard troop reflect histor role,0
live footag last two brain cell write blog,0
behavior psycholog tip weight loss,0
egypt unreal snowi mountain becom tourist hit,0
nation player test posit coronaviru four other quarantin eve open,0
addison rae address backlash jimmi fallon tiktok danc sketch,0
matt gaetz investig possibl sexual relat teenag report,0
us receiv m sudan victim terrorist attack,0
tucker carlson livid rep matt gaetz tri rope controversi sourc say,0
johnson johnson covid vaccin batch fail qualiti standard,0
washington post writer reportedli bar cover sexual misconduct survivor assault,0
peter navarro warn trump viru suppli shortag pursu deal worth billion,0
senat pine good ol day montana homemad meth,0
trump fight former member team covid blame game,0
iowa democrat drop attempt contest hous race cite toxic campaign polit disinform,0
microsoft win multibillion dollar armi contract augment realiti headset,0
matt gaetz claim travel record debunk alleg,0
bodi cam video polic interact year old show everi adult situat fail child,0
ga state rep it import human asian women live,0
i would kill harass top australia offici reportedli joke assault,0
gun sale still mostli unregul biden chang that,0
critic talk cost infrastructur biden stress valu,0
carolyn hax hard watch mother play favorit,0
gown galor nd naacp imag award,0
lil na x use moral playbook conserv christian,0
friday mini report,0
ken starr mark meadow stephen miller three horsemen apocalyps assembl,0
gop lot thing colorado prove pro human life one them,0
manufactur moonshot pfizer make million covid vaccin dose,0
ami winehous mother want reshap legaci new documentari,0
michael strahan announc he close icon tooth gap,0
talk femicid us mayb should,0
two us counti becom test ground regular home covid test,0
new york court add trump legal troubl zervo case,0
report pentagon set revers trump era anti transgend polici,0
teacher resign racist rant stereotyp black famili zoom call record parent,0
strong late season cold front surg across eastern us hard freez even snow,0
archbishop speak meghan markl princ harri privat wed,0
hilari tweet parent crayon,0
nooo put tran peopl back militari sexi aha,0
beij push back critic coronaviru origin report insist china share data,0
spare moment rihanna conspiraci,0
sharon stone say britney spear wrote letter both need help,0
top us nation secur offici call counterpart russia ukrain tension rise,0
sharon stone work real dirtbag idea woodi allen one,0
lot peopl know sailor moon gay it bowen yang enough,0
jay leno sorri racist joke even though say ring truth them,0
indigen women group raid illeg miner say feder prosecutor,0
rep jim jordan accus sex abus cover up say i believ matt gaetz,0
one woman could bring trump empir,0
expect nation park reopen fan season,0
congress block scienc research gun violenc more,0
biden unveil trillion infrastructur job plan,0
ex gop offici joel greenberg flaunt tie matt gaetz charg child sex traffick,0
russia unveil world first coronaviru vaccin dog cat anim,0
downplay jan riot ron johnson quit he behind,0
michigan univers student claim titl ix coordin told sexual assault worth report,0
warn biden number feder govern breakdown acceler bound watch,0
backlash prompt major compani publicli condemn georgia racist vote law,0
new york legal recreat marijuana,0
chrissi teigen ever care,0
make husband love fat sister,0
evanston ill made payment nation black repar,0
embarrass britney spear offer direct comment documentari yet,0
conserv appeal royal russian,0
sedit charg rare exactli capitol rioter deserv,0
militari long extrem problem final solv it,0
key takeaway biden trillion infrastructur plan,0
rnc elect confid promis attract ballot box full snark,0
ariana grand replac nick jona the voic,0
say nine year old watch someon die,0
derek chauvin defens strategi may effect peopl think,0
migrant mani kid crowd texa facil,0
fact check new georgia elect law actual,0
slack blur line work home even more thank hate it,0
madison cawthorn slam celebr fund covid relief bill oppos,0
weed total legal state white hous fire peopl smoke it,0
talk terrorist watch list mccarthi push luck border,0
hong kong court find veteran pro democraci activist guilti unauthor assembl,0
lauren london honor brave belov nipsey hussl anniversari death,0
watch georg floyd death chauvin trial could juri need,0
actual land job anoth state,0
nation plenti strength least one glare weak,0
red state want ignor voter reject medicaid expans,0
arkansa lead countri deni tran kid basic right,0
meteorit explod air antarctica year ago,0
trump wed,0
glimmer light world action next pandem,0
border facil unaccompani migrant children least capac,0
insid cuba race vaccin sovereignti,0
rose blindfold chop wood meet popular tiktok make romant thirst trap women,0
fox news let ex trump aid spew fauci conspiraci theori zero pushback,0
corpor giant bow pressur georgia vote law backlash,0
kamala harri dive migrat diplomaci gop aim make face border crisi,0
biden big bet he found kryptonit defeat trumpism,0
vaccin passport or someth like them may come soon,0
suspect nyc attack asian american woman arrest,0
plane drop pink cloud gender reveal stunt fell sea kill two,0
juan soto home run hype dont matter work doe,0
rep matt gaetz face feder investig alleg relationship year old girl,0
trump wall inadvert make thing easier smuggler,0
complic geographi vaccin hesit,0
matter team trump lie china elect interfer,0
aftermath civil war contemporari syrian art emphas loss resili,0
black lawmak arrest charg knowingli knock brian kemp door disenfranchis black voter,0
asia first travel bubbl open taiwan palau,0
rest peac jessica mcclintock thank invent cottagecor,0
queen sick new teacup,0
insid hour scrambl free giant ship stuck suez canal,0
trump admit want us court to overturn elect,0
yall go keep wear mask thi,0
ryan reynold troll conspiraci theorist covid vaccin photo,0
scandal surround gop matt gaetz odd,0
actual data dont suggest anyth unusu florida excess death toll,0
eyewit testifi derek chauvin trial i wit murder,0
fox news furious backped rep matt gaetz no interest hire him,0
despit trump vengeanc vindman brother get promot,0
nieci nash never woman befor meet jessica bett,0
marjori taylor green mark beast theori receiv holi hell twitter,0
wit break derek chauvin trial georg floyd video shown,0
mitch mcconnel make specif appeal gop men no good argument to get vaccin,0
special brand hypocrisi defin gop biden covid aid bill prove,0
trump latest illegitim elect nonsens matter,0
meghan mccain stylist hate her,0
bori johnson top black aid quit amid furor britain landmark race report,0
despit realiti mcconnel say filibust no racial histori,0
sarah palin reveal test posit covid anyon catch thi,0
biden say would strongli support move mlb star game georgia vote law,0
australia mark quietest fire season decad,0
derek chauvin murder trial echo guilt georg floyd death,0
unemploy claim improv drop major threshold,0
republican may draw trumpwhit work class arrow backward,0
brown univers undergradu vote repar descend enslav peopl,0
biden infrastructur plan aim turbocharg us shift fossil fuel,0
manchin make case parti democraci reform packag,0
last britney spear speak,0
reconsid stori tina turner tell year,0
pleas explain foul,0
year later afford care act get last laugh,0
lost pirat kingdom ideal documentari me dumbass,0
coronaviru vaccin come kid studi finish first,0
expect expect much quad,0
japanes star hana kimura like took life relentless troll man target fine,0
noooooo,0
matt gaetz alleg explain,0
mitt romney jfk profil courag award colleagu cowardic,0
latest coronaviru pandem vaccin,0
atlanta shoot draw togeth three america ugliest problem,0
conserv frustrat popular dem vote right bill,0
vietnam sentenc flight attend spread coronaviru,0
sad news legendari ador children book author beverli cleari die,0
silicon valley start bring worker back offic,0
onc tucker carlson facial express make sens,0
safe dine restaur get vaccin,0
airplan cabin concept could chang fli crystal cabin award,0
jail russian opposit leader navalni declar hunger strike,0
biden offici urg state buckl down amid viru resurg avoid issu feder guidanc,0
amanda kloot mark anniversari take nick cordero hospit covid,0
black execut pressur corpor oppos racist voter suppress,0
here go again rand paul clash fauci for th time,0
along russia majest lake baikal quest tourism cash stalk pristin landscap,0
top weather photo,0
matt gaetz pull tucker carlson mess,0
major biden nip person walk second white hous incid,0
chet hankss white boy summer ventur himbo perform art,0
us privaci law fail kati hill reveng porn survivor,0
gop gov kristi noem hot take biden infrastructur bill goe flame,0
visionari director laugh convent,0
violenc women act advanc despit gop opposit,0
qanon keep find new clue obsess,0
mass shoot socal offic build kill includ child,0
flashback g gordon liddi mysteri wit,0
pictur perfect cherri blossom tidal basin rough weather loom ahead,0
trump statement old lawsuit could haunt futur crimin case,0
dc area forecast rain end sky clear it blusteri cold,0
fruit influenc help make sumo citru cult favorit,0
biden step bold set new judici nomine,0
easi answer immigr biden couldv,0
capitol polic offic sue trump physic emot injuri suffer riot,0
best humidifi,0
think fame disori tri read sharon stone memoir,0
dejoy unveil new usp plan spark immedi pushback,0
unfortun weve forc contempl bori johnson sex life,0
boulder ban assault style weapon judg overturn it mass shoot happen,0
insid lobbi battl america longest war,0
van hunt say relationship hall berri improv everi aspect life,0
court convict hong kong democraci leader unlaw assembl protest,0
find punk icon patti smith substack,0
intel revel rais difficult question sever republican,0
newsmax anchor weird weed anecdot get burn twitter,0
real housew salt lake citi star jen shah indict fraud utah,0
wick beauti walk icon,0
let see madonna,0
russia regist world first covid vaccin anim,0
major leagu basebal back game schedul actual human stand,0
paint life turn memori work art,0
whose idea thi,0
former oklahoma offic found guilti murder polic chief confer florida,0
three reason trump china want biden win lie harm,0
strateg deploy basic,0
iowa democrat announc decis withdraw effort contest hous race,0
mcconnel scorch earth threat filibust matter,0
video show smuggler drop young children us foot border fenc,0
ye peopl write horni fanfic suez canal ever given,0
covid led global increas stillbirth matern mortal depress review find,0
jen shah real housew salt lake citi arrest fraud charg,0
chines social media govern allow share fake news,0
made love join seri probe darker side high tech futur,0
american mother sure would love littl help around,0
what biden trillion job infrastructur plan,0
warn presid govt breakdown loom,0
caus tiger wood crash determin detail yet releas publicli,0
joe scarborough slam fox news air deepli deepli offens clip,0
parent non parent friendship hard dont be,0
mcconnel pretend gop voter suppress effort exist,0
biden set conven cabinet person first time thursday,0
aggro cop pin mourner sarah everard vigil fine actual accord investig,0
trump seriou troubl new legal file ex doj offici say,0
south dakota governor kristi noem got twitter fight lil na x lost,0
thousand case worri variant report us state highest number,0
one rememb kendal kyli jenner racist vine,0
whitewash filibust eras legaci harm black american,0
usa today take bait,0
jonathan bennett say anti gay bulli gave ulcer emot throwback post,0
hardwork women massag busi peopl know best,0
kirsten dunst reveal pregnanc drop dead gorgeou high fashion photo shoot,0
problem gop hypocrisi complaint filibust,0
fauci it not time pull back declar prematur victori covid,0
meghan harri marri public wed archbishop say,0
invok mlk drug love columbia professor say he put bodi line educ public,0
chrissi teigen conquer twitter here leav good,0
new studi find heart healthi behavior may cut cancer risk,0
may know it atlanta suspect may alreadi confess hate crime,0
ashley tisdal pick sick hell name new babi,0
florida trooper thought make traffic stop then help deliv babi,0
late refin mortgag here move quickli,0
vaccin rate rise covid case,0
wrong peopl feel guilti georg floyd death,0
two lawsuit challeng georgia new vote restrict win,0
colin firth star adapt staircas play owl,0
aboard bu travel local libyan rout war hope renew,0
america volunt forc reshap militari countri,0
senat republican look new way justifi anti vote effort,0
carolyn hax she charm boyfriend unwant gift,0
even gop standard biden admin vaccin progress impress,0
rais tax would make ultra rich pay fair share,0
trkgc munich target far right group footbal club found turkish immigr look connect cultur,0
least mass shoot taken place two week sinc metro atlanta spa attack left dead,0
congress bail uber worker what,0
congression candid move texa find new persona,0
hey look andrew cuomo abus power get famili covid test hampton,0
live updat biden conven first cabinet meet harri promot vaccin new coalit,0
biden unveil massiv infrastructur plan,0
one part georgia republican anti vote law stand,0
dc unit paul arriola return earli swansea citi loan injuri,0
joe biden take place alongsid fdr lbj,0
opinion wit make devast case derek chauvin histori injustic,0
noth see,0
jay leno seem realiz racist comedi lazi colleagu,0
court let apprentic contest defam suit trump proceed,0
derek chauvin defend restraint georg floyd newli disclos bodi cam video say probabl someth,0
franc announc new covid restrict amid acceler epidem,0
pfizer say covid vaccin protect last least six month protect variant,0
china iran announc new econom secur partnership that alarm sound,0
wisconsin ron johnson tri fail clean newest ugli mess,0
book thought handl pregnanc loss,0
ghislain maxwel allegedli groom girl young abus epstein,0
california trump fanat charg assault cop capitol riot,0
former trump aid steve bannon still air mypillow guy elect lie,0
covid third lead caus death last year cdc confirm earli data,0
thing know march coronaviru voter suppress chauvin trial infrastructur myanmar,0
america maintain militari edg,0
intel report make clear russia tri rescu trump,0
thank god generaion almost over stop watch,0
rider eject gatlinburg tennesse roller coaster flung onto track,0
yeti new line luggag perfect next adventur,0
white hous outlin plan protect asian american racism,0
hunter biden reveal lifelong addict struggl new memoir,0
problem one gop senat case soul poll,0
seneg violent protest reveal long stabl democraci fragil,0
young wit derek chauvin trial remind role youth activist protest polic violenc,0
suez canal ship free ship industri humanitarian crisi,0
new cornerback william jackson iii fit washington defens,0
thi might realli end utah jazz player recal terrifi plane scare,0
biden justic depart continu push dc gun case feder court,0
jail russian opposit leader launch hunger strike,0
wall street want know pay joe biden infrastructur bonanza,0
feel bad everyon marriag mortgag chose marriag instead mortgag,0
get around gop filibust schumer eye new senat gambit,0
senat republican alreadi donald trump problem,0
georgia gop respond mass shoot bill loosen gun law,0
social secur recipi miss stimulu check get paid soon,0
cecil counti black activist christin given demand offic fire arrest video,0
protest whore defin restor theater,0
gammi want threesom,0
joel mchale say would hard pull clip mock drew soup,0
live updat biden head pittsburgh pitch job plan focus infrastructur climat,0
there noth gop hate biden wind energi plan yet,0
april outlook washington lean warm near normal rainfal,0
joe biden honor transgend day visibl histor proclam,0
like utica mean,0
right wing myth half truth lie immigr need end,0
scholast pull book captain underp seri due passiv racism toward asian,0
minnesota suprem court rule victim blame ok actual,0
myanmar junta offer ceasefir some un envoy warn bloodbath,0
mitt romney receiv prestigi award temporarili locat spine,0
america fall apart cant wait anoth decad rebuilt,0
missouri republican seem care constitu want health care,0
solar car wind farm cactu troubl,0
forget anti vaxxer hesit vaxxer group focu on,0
get edg oscar pool guid oscar short,0
best sale shop today jabra case mate roomba,0
quick updat nationwid legisl assault tran kid,0
jimmi kimmel expos gop dope major hypocrisi vaccin passport,0
new york author file hate crime charg attack asian american woman,0
leper demand right treat human,0
tucker carlson call wild matt gaetz appear weirdest interview ever,0
it offici dress realli make us feel happier,0
dc area forecast rain develop midday today gusti wind tomorrow wind chill s,0
derek chauvin trial georg floyd death,0
georgia republican even tri hide voter suppress anymor,0
teen cup food worker testifi guilt felt georg floyd death,0
media attack certifi good boy major biden,0
women hold state offic bs famili leav polici remain,0
epa dismiss dozen key scienc advis pick trump,0
tweet petti thing coupl theyr mad,0
johnson johnson vaccin product problem emerg plant baltimor,0
anoth elect fraud stori tout top republican unravel,0
purs fashion insid obsess,0
new document show trump offici haphazard ineffect approach procur ppe start pandem hous committe say,0
biden want time climat spend obama won that still time small,0
vote restrict becom republican unifi mission,0
taxpay alreadi file return automat get stimulu break unemploy benefit ir say,0
capitol polic veteran sue trump role jan riot,0
madison cawthorn hypocrisi democrat celebr,0
jimmi kimmel spot pain awkward matt gaetz tucker carlson moment,0
may someth better boycott protest georgia vote law,0
former governor comeback bid make republican nervou,0
lab leak covid theori like someth comic book virologist say,0
mitch mcconnel say joe biden gotten like total stuck sinc becam presid,0
today intern transgend day visibl here know,0
tropic forest fast disappear threaten world climat goal,0
five preposter posit nat predict includ juan soto tripl crown,0
jessica simpson say john mayer sexual napalm comment men line,0
biden new plan unit democrat here probabl wont last,0
florida ron desanti listen scott atla,0
andrew cuomo perfect exampl good guy danger,0
nearli galapago tortois label souvenir found cram insid suitcas,0
transport seci buttigieg respond rep ocasio cortez call infrastructur fund,0
fire call trump crazi psychiatrist take yale court,0
talk give sharon osbourn million talk somewher els racist report,0
new bodi camera video show derek chauvin ambul arriv,0
cnn medic analyst im glad took part vaccin trial,0
tuesday campaign round up,0
visionari organ offer model life,0
miss manner run bb like busi,0
us track encount record million migrant southern border govern estim show,0
suprem court skeptic ncaa case withhold benefit student athlet,0
white parent dc talk lot racial justic focu major white school,0
multipl victim found scene deadli shoot orang california polic say,0
rami malek ok,0
new memoir hunter biden chronicl addict defend time ukrain compani board,0
vincent chin killer also said death race author believ them too,0
gaetz sex probe complic,0
lil na x pole danc way straight hell,0
thought quot motherhood celin dion,0
treat massag home exclus one day theragun bundl discount,0
butler univers accus cancel angela davi event support bd,0
keen purveyor trump lie land plum new fox news role,0
texa highway patrol trooper die shot tri help driver,0
elli mr secret gould drop nutso bombshel,0
clap bimini bon boulash babe,0
infrastructur plan exhibit paradox biden,0
georgia impos radic vote restrict happen now,0
coca cola delta air line atlanta falcon push back georgia vote law,0
here what come netflix april,0
biden new plan unfocus spend spree,0
campaign slam uk govern report racial dispar whitewash,0
real housew beverli hill cast pic photoshop,0
gop white nationalist futur take root america colleg,0
vote restrict florida seem eager follow georgia lead,0
psaki it okay biden travel privat plane were work vaccin passport privat sector,1
california counti fund univers basic incom program restrict initi particip race sex,1
break rep matt gaetz say doj investig sexual misconduct,1
meme stock nft tech rotat domin crazi quarter wall street,1
al sharpton lead call convict ahead murder trial death georg floyd,1
warp speed head fire compani board harass alleg,1
shoot southern california leav four peopl dead includ child,1
investig say portland activist michael reinoehl like fire polic fatal shot,1
justic kagan place new gloss court person jurisdict case law,1
watch teacher bulli student take colorblind approach classroom assign,1
australian journalist biden make world more danger destroy militari wokest,1
delta lift block middl seat start may,1
psa were still go bankrupt,1
archego blowout heap pressur credit suiss,1
first appel court rule cdc evict moratorium goe govern,1
sharon osbourn leav talk amid fallout pier morgan defens,1
acceler rollout covid vaccin make domest immun passport larg irrelev,1
major teacher union not convinc new cdc distanc guidelin effect,1
joe biden trillion infrastructur plan doubl everyth make american infrastructur insan expens,1
border patrol video show smuggler abandon year old year old border,1
chri watt still touch girlfriend murder famili with fellow inmat say report,1
media obsess boulder block assault weapon ban defi logic,1
san diego counti offici rip biden newsom migrant children priorit calif student,1
poll major american see cancel cultur threat freedom,1
precari state georgetown univers law center,1
cartel turn travel agent migrant tri enter us gop rep toni gonzal,1
alleg coyot univis biden benefit gave migrant the courag illeg enter us,1
biden said tax hike would affect rich cant keep promis,1
nfl commission roger goodel want full stadium season,1
half american disapprov biden handl border crisi,1
xiaomi enter electr vehicl market billion invest,1
north carolina state hous pass bill limit democrat governor emerg power,1
zigg capit rais million invest real estat tech market,1
cuomo aid subpoena sexual harass probe,1
last call star jeremi piven taryn man film power small busi messag,1
kamala harri reportedli unhappi live squar foot hous,1
jake tapper acknowledg ninth andrew cuomo accus twitter cnn show,1
white hous press secretari joe biden opposit legal marijuana chang,1
airlin summer travel schedul still air,1
year old boy charg rape upstat new york,1
tyler perri call doj investig georgia liken voter integr law jim crow,1
booker score season high sun beat bull,1
nat player miss open day test posit,1
tom bradi share tattoo buc bruce arian reveal new ink look great coach,1
senat narrowli confirm rachel levin assist health secretari,1
pfizer test freez dri covid vaccin doesnt need ultracold storag,1
dc citi council consid soundproof requir residenti construct appeas nimbi,1
asymmetr nationwid injunct,1
cyber daili european privaci rule delay covid vaccin breweri disrupt continu secur incid molson coor,1
jack phillip back down worth fight,1
dem push death tax,1
basic incom program marin counti oakland exclud white peopl legal,1
aclu vaccin passport concern suggest unusu common ground gop,1
stock favor reopen trade hit turbul,1
chri cuomo seem allud covid test scandal cnn show,1
derek chauvin bodi camera transcript releas trial,1
ny state trooper use rush cuomo vip covid test lab,1
derek chauvin trial key takeaway open argument,1
cuomo sign bill legal recreat cannabi new york,1
big tech vote right weed,1
biden call congress ban assault weapon wake colorado shoot,1
what biden trillion corpor tax plan,1
wapo biden make judici nomin tuesday,1
biden offici ask gop senat delet photo border facil senat say,1
sharon osbourn bitterli disappoint exit the talk report,1
judg jame ho the import divers feder judiciari,1
mark hamil director jame mangold vow boycott georgia,1
ncaa tournament yet lot memori top d team,1
sesam street cast black muppet teach children abc racial literaci,1
noem spokesman blast conserv cancel cultur transgend bill critic,1
ice fake colleg defraud student deport them biden admin defend scheme,1
gop congressman call blinken demand covid repar china,1
sabr end game skid win flyer,1
lincoln project smear georgia lawmak racist whip social media mob get fire,1
dc shoot leav dead injur citi grappl violenc,1
ahmad al issa identifi suspect colorado groceri shoot,1
california democrat suggest polic prosecutor sheriff group white supremacist organ,1
gaetz name ex doj offici claim tri extort million promis biden pardon,1
media get first look insid sever overcrowd migrant facil texa,1
live updat derek chauvin trail continu thursday,1
archegoss sharp viacomcb selloff latest twist media firm investor,1
california teacher say parent call school open structur white supremacist pearl clutch,1
report biden explor trillion tax hike fund infrastructur climat chang plan,1
kentucki governor cave special interest veto school choic bill,1
twitter ceo say block new york post hunter biden stori mistak,1
marin father salut son goe viral report,1
biden label new georgia vote law atroc,1
derek chauvin trial offic defend action bodi camera footag,1
cuomo reportedli got m covid book call good governor earli draft,1
man arrest brutal nyc attack parol kill mother,1
north korea conduct first weapon test sinc biden inaugur,1
stephen miller call biden infrastructur bill cost shift,1
court punt grant cert cameron v emw women surgic center,1
sp futur waver investor sell bond tech stock,1
messag say vw usa rebrand voltswagenheadquart say fast,1
suez canal ship freed what next,1
it demon religi mother mourn tran movement devour son find solac secret onlin group,1
nike sue lil na x satan shoe,1
two issu complic biden big infrastructur plan,1
aircraft leas busi aerocenturi land bankruptci,1
expand govern power defeat poverti,1
cotton introduc bill ban critic race theori teach militari,1
pair covid drug perform well studi maker say,1
rick scott stop iowa midterm elect mission could set,1
walgreen report stronger profit vaccin rollout ramp,1
high school teammat becom mlb open day starter,1
ohio lawmak move preemptiv ban vaccin passport concern privaci,1
dog groom show pooch perfect slam twitter claim anim abus,1
ultra process food drink link higher colorect cancer risk studi,1
anthoni fauci warn parent children wear mask interact group multipl household,1
doordash custom fee go thank dumb regul,1
cotton boost covid lab leak theori slam obsequi sycoph chines communist,1
ny prosecutor subpoena trump organ cfo person bank record,1
kayleigh mcenani land co host posit fox news,1
tina turner powerhous career recount hbo documentari,1
biden say state paus reopen effort,1
arizona governor call harri worst possibl choic manag border crisi,1
texa state trooper die day patrol car gunfir ambush,1
china say covid origin probe shift focu countri,1
american infrastructur cost take longer build use to,1
gop lawmak demand answer migrant releas without court date,1
caus tiger wood car crash determin truth may never reveal,1
f place gdamn liber fs southwest pilot reportedli caught hot mic rant san francisco bay area,1
art made ai robot speech protect first amend,1
miss film design found dead garbag nyc home,1
rachel campo duffi biden put us road hell socialist trojan hors infrastructur plan,1
cop tri forc man delet video beat suspect got qualifi immun,1
report dismiss covid lab leak hypothesi,1
biden say plan run reelect,1
cnn claim there consensu criteria assign sex birth news articl,1
american reject far left rhetor rich posit view tech ceo,1
biden let trump work visa ban expir,1
ncaa face showdown player compensationand futur colleg sport,1
wapo fact checker biden misl georgia elect law expand vote opportun georgian,1
analyst plead leak secret drone program,1
foot rooftop videocamera peer neighbor yard must taken,1
report covid origin leav key question unansw,1
asian victim white supremaci narr come activist push polici reject mani asian,1
boy australian school forc apolog girl behalf gender,1
micron western digit look possibl deal chip maker kioxia,1
tax increas inequ excus,1
nyc suspect charg hate crime attack asian american woman,1
cdc director talk feel impend doom urg viru complaceni,1
dem call elimin filibust pass gun legisl wake mass shoot,1
bitcoin shadow stablecoin thrive face challeng,1
trump blast biden infrastructur bill giveaway china,1
kamala harri ha immedi plan visit border focu diplomaci amid migrant crisi,1
voter id law racist black peopl support them,1
sen kennedi cnn report claim gender ident isnt known birth a boy peni girl vagina,1
brighton park back cybersecur busi opswat new billion fund,1
media root biden massiv infrastructur plan cast fdr,1
behind scene biden bizarr press confer,1
new york finallyaft three yearson verg legal marijuana,1
search extraterrestri move well beyond mar,1
everi word fals sen cruz blast aoc video border crisi accus dem gaslight,1
brickbat well schertz,1
aoc refer surg illeg immigr militarist a white supremacist idea,1
poll desanti emerg clear favorit non trump gop primari field,1
stop bulli british school elimin recess,1
new york becom th state approv marijuana legal,1
chauvin told bystand floyd sizabl guy probabl someth,1
black execut press compani battl gop state vote law,1
lil na x post vulgar messag gov noem rip satan shoe,1
nyc self storag busi boom unusu place,1
obama cancel chicago area immigr activist protest renam middl school former presid,1
ny nurs home scrambl test cuomo famili friend receiv special access,1
dont cut senior drug coverag fund anoth spend spree,1
china climat realpolitik,1
report claim dismiss covid lab leak theori contradict state depart,1
fals disturb disgust gina carano slam former democrat senat smear nation tv,1
ninth circuit still understand scotu covid free exercis claus case,1
break one biden dog poop floor outsid wh diplomat room pool,1
new york legal recreat marijuana,1
ship block suez canal partial freed,1
rumor amp around potenti pompeo white hous run,1
biden set give first press confer day presid,1
doj investig matt gaetz potenti sexual relationship year old girl,1
like tariff cheer clog suez canal,1
scienc behind long covid desir wish away,1
trump bump stock ban lost big feder court,1
derek chauvin argu use forc appropri kill georg floyd,1
biden halt border wall construct send migrant stream us,1
biden plan split spend plan two,1
econom liber art,1
huawei suffer rare drop revenu us sanction bite,1
cdc keep extend illeg evict ban,1
biden say hed strongli support mlb move star game atlanta georgia elect law,1
suez canal open ship snarl month,1
peopl bore anymor happen stock market,1
god stewart brand fight bring back woolli mammoth,1
brickbat collect guilt,1
nike file trademark suit lil na xs satan shoe,1
best decis dr fauci take credit covid vaccin,1
china tech giant chip ambit,1
san diego teacher provid person instruct migrant children public school student,1
massachusett man accus fatal beat girlfriend favorit beach report,1
news corp near deal buy houghton mifflin harcourt consum publish arm,1
candac owen rip lil na xs satan shoe nobodi courag tell black america truth,1
biden state paus reopen effort state local leader reimpos mask mandat,1
scarborough call russiag skeptic use idiot suggest theyr kremlin payrol,1
biden tap kamala harri lead white hous border crisi mitig effort,1
chet hank sue ex alleg bloodi alterc get temporari protect order actor,1
us voter black voter support voter id law everyth need know elect integr debat,1
princ william struggl share stori princ harri meghan markl interview report,1
red state lead us econom growth commerc depart report find,1
jill biden mock botch spanish attempt,1
suspect hate crime attack year old asian woman parol kill mom,1
treat money market fund like bank,1
aoc trillion biden infrastructur plan not nearli enough,1
work play could make wall street less profit,1
famili sydney west miss uc berkeley student renew search effort,1
joint china report urg probe extrem unlik lab leak theori us offici push back,1
it nearli month sinc texa governor lift mask mandat covid case continu fall,1
former cdc director redfield say believ coronaviru origin insid wuhan lab,1
law school requir student vaccin,1
gop group throw support behind georgia iowa elect reform law amid dem lawsuit,1
ted lieu erupt mention alleg harvard asian discrimin hous hear divers,1
matt gaetz child sex traffick here law actual say,1
feder judg rule dc capac limit church unconstitut,1
we follow proper channel theyr work dispatch minneapoli,1
seem like old time sixth circuit scotu,1
san francisco school board member strip posit anti asian tweet,1
new organ plan provid parent tool combat woke indoctrin school,1
puzzl thing american cultur racial ident,1
colorado shooter pass background check gun purchas,1
duckworth refus back biden nomine appoint asian american senior post,1
million maskless march mass mask burn plan florida,1
migrant stream gap border wall follow biden order halt construct,1
dc mayor bowser yank tweet call carjack crime opportun furiou backlash,1
polic offic brutal beat undercov cop st loui protest juri declin hold account,1
texa student activist enrag conserv group put bibl vers easter egg,1
wsj news exclus florida investor commit million toward potenti bid tribun publish,1
poll american see cancel cultur threat freedom,1
eu vaccin shambl distrust free market made wors,1
first major test biden,1
wapo fact checker slam biden georgia elect law claim four pinocchio,1
lahren blast san diego teach illeg immigr student person ahead us student,1
e mail georgetown law center dean william treanor,1
georgia elect offici compar dem voter suppress claim trump fraud alleg,1
road fort lauderdal airport shut amid polic investig,1
myanmar cauldron,1
ny high court strike special prosecutor statut,1
democrat filibust,1
make sens justic kavanaugh vote torr v madrid,1
review ecstasi,1
abolish filibust power anti racism,1
orang california shoot leav dead wound busi complex suspect custodi report,1
largest tax increas sinc,1
brit hume call dishonest politifact grade descript biden senil fals,1
third gop gov move protect girl sport athlet separ biolog sex gender ident,1
san diego teacher provid person learn migrant children resid remain onlin,1
watch parent slam arizona school board propos woke equiti guid elementari schooler,1
im fluid now demi lovato say she pansexu attract anyth realli,1
moder dem signal resist biden tax increas,1
us china relationship increasingli adversari,1
rose mcgowan accus twitter tri silenc me suspend tweet attack bill clinton,1
us presid fast track author get thing done,1
covid vaccin pregnant mother also protect newborn studi suggest,1
florida cop su hassl peopl crime might commit futur,1
trump say hell probabl visit border over next coupl week,1
suez canal traffic resum slowli ship weigh anchor other wait,1
jen shah houseth infam shah ski chaleti alleg fraud,1
nasa seek water moon fuel mission get human mar,1
behind biden big plan belief govern drive growth,1
walsh satan new video lil na x directli prey children,1
ghislain maxwel charg sex traffick year old girl,1
author never someon power histori republ wrong anthoni fauci,1
wuhan whitewash,1
test elon musk starlink realli rural internet game changer,1
soccer star megan rapino push transgend athlet girl sport,1
covid live updat us report fall new case death rise,1
pennsylvania voter approv constitut amend limit governor emerg power,1
suez canal ship anoth accid collid ferri,1
fb instagram post voic donald trump ban laura trump one step closer orwel,1
ever given traffic resum suez canal delay still expect,1
biden cdc warn impend doom state reopen cours,1
democrat mayor want give marijuana tax revenu repar close race wealth gap,1
kentucki teen kill florida jump front gun aim stepbroth famili say,1
audit fed,1
sam darnold jet ride say nfl analyst see byu zach wilson head new york,1
nft dumb scam secretli use,1
goldman morgan stanley limit loss fast sale archego asset,1
real housew star jen shah said assist would liter anyth ahead arrest,1
watch vaccin patent heist,1
watch harri laugh discuss parent struggl educ kid pandem,1
arkansa lawmak interfer tran teen medic choic,1
itali coronaviru health worker must vaccin face year suspens report say,1
lo angel top prosecutor eras gang unit sourc say,1
dominion vote file b lawsuit fox news,1
georgia ban hand water voter wait line elect integr,1
congress grill tech compani covid misinform bit rich,1
derek chauvin attorney open trial claim use necessari forc georg floyd arrest,1
five question senat ron johnson,1
lil na x satan shoe sell second,1
supermoon help free giant contain ship suez canal,1
nfl expand regular season game,1
here biden propos tax increas affect,1
few mind bodi approach put gonzaga cusp histori,1
time boston tea parti vaccin,1
report rep matt gaetz consid ditch congress newsmax,1
big tech censor religion,1
legisl overrid kentucki governor veto school choic bill,1
biden administr allow work visa ban expir,1
laura ingraham expert woefulli wrong pathet late covid recommend,1
unwind bill hwang archego system implic,1
gov kristi noem pass south dakota women sport bill issu execut order instead,1
pfizer moderna covid vaccin effect real world cdc say,1
journalist michael moss say peopl condit consum process food like drug addict,1
cnn race relev fit narr,1
stock futur tick bank warn loss,1
yahoo stori florida covid studi misrepres key find studi author say,1
democrat look lower medicar elig age healthcar packag,1
senat elizabeth warren channel inner trump,1
liber group commit m campaign ga legisl support suppress vote right,1
iowa dem rita hart longer contest hous race result gop pushback,1
journal free speech law pre call paper student speech associ privaci,1
nbc news anchor fair overr,1
met pete alonso speak francisco lindor contract situat pay million,1
republican valu gun peopl dont know debunk colin jost ignor comment gun control,1
suez canal ship partial freed,1
wisconsin s ct strike governor emerg decre,1
olivia jade giannulli smile sunni day teeni tini bikini,1
media made nick sandmann villian stand still couldnt care less mohammad anwar know,1
johnson johnson halt shipment covid vaccin factori mistak ruin million dose,1
nimbi group ask resid donat poop,1
cdc extend ban evict smaller landlord struggl keep properti,1
mani arrest januari capitol riot wont get prison time,1
new york state legal recreat marijuana,1
googl nest hub appl watch pro con sleep track,1
ninth circuit hold right bear arm,1
desanti vow issu execut order ban vaccin passport florida,1
hanniti biden infrastructur bill doom fail,1
stock market bubbl,1
conserv econom nation popular peopl think,1
derek chauvin trial begin dispatch minneapoli,1
delta ceo call georgia vote law unaccept base lie,1
cruz biden let media cbp facil america see your administr failur,1
cameron diaz say have take make movi right now just differ time,1
russian troop movement ukrain border test biden administr,1
miss california woman schedul appoint divorc lawyer day disappear famili lawyer say,1
lone american covid team say didnt investig chines cover up that wasnt task,1
psaki biden admin absolut commit allow report border facil,1
senat lisa murkowski draw republican primari challeng,1
hand court case move line colleg athlet pay,1
defam suit given green light,1
joe scarborough suggest biden dog major prepar meet doggi jesu second bite incid,1
walsh biden show us need age limit presid,1
biden announc trillion infrastructur bill pittsburgh union hall,1
coronaviru suppos drive bankruptci higher opposit happen,1
matthew score th goal leaf earn win jet,1
germani restrict use astrazeneca vaccin s,1
franc macron order nationwid lockdown,1
stock futur tick higher ahead biden spend plan,1
made love review high tech romanc gone wrong,1
mobil wind live tv servic offer youtub tv,1
washington state social servic org evict foster famili hous illeg immigr parent claim,1
fed shabbi green logic,1
chicago teacher union say there no agreement return high school classroom demand citi return negoti,1
woman accus cuomo unwant kiss provid photo incid,1
brickbat help,1
former doj lawyer deni gaetz extort accus,1
arkansa legislatur vote ban gender transit medic procedur minor,1
non profit order foster parent vacat home accommod migrant children,1
unravel archego fund show risk invest bank,1
manag money woke way,1
sharon osbourn talk show defend pier morgan receiv potenti figur payout,1
hh request pentagon approv hous migrant children armi base,1
biden dog major involv anoth bite incid report,1
busi take hurri wait approach ai,1
chines propaganda offici celebr social media attack hm counter forc labor alleg,1
north carolina sheriff doubl reward k search man fatal shot pennsylvania mother six,1
fourth amend seizur torr v madrid,1
gregg jarrett groundwork laid excess use forc day chauvin trial,1
gloria steinem selena gomez brie larson sign letter support transgender,1
steven crowder youtub account lock demonet crowder hint action weve got someth them,1
cbo our new debt project alreadi obsolet,1
concert readi return worker,1
dump gov newsom new poll suggest californian think,1
biden unveil massiv infrastructur plan call onc gener invest,1
aoc sound border crisi give biden pass blame imperi climat trade,1
california vaccin site close temporarili anim event report,1
civil right group call pga tour pull master protest georgia new vote law,1
archego give investor warn sign,1
new york citi end qualifi immun polic offic,1
nyc asian woman broad daylight attack no call made despit onlook present polic say,1
us virgin island miss sarm heslop not normal polic search boyfriend yacht expert say,1
corpor tax dont soak rich,1
infrastructur week realli,1
hunter biden reportedli violat feder law lie background check,1
class free exercis religion iv co ownership ii,1
get rid sat diversifi higher ed expand school choic will,1
san francisco free speech fight follow school board vp anti asian tweet,1
virgin island ryan bane cite coast guard numer violat includ block search cabin,1
jj say covid vaccin batch didnt meet qualiti standard,1
drummond leav debut bruis toe buck beat la,1
fauci silenc border crisi deafen meadow say,1
hundr migrant children test posit coronaviru upon arriv hh facil,1
watch heavili arm antifa clash right wing protest outsid oregon capitol three arrest,1
scholast pull captain underp spinoff author apolog passiv racism harm asian american,1
spur beat sacramento end king game win streak,1
arkansa pass save adolesc experiment act ban tran surgeri puberti blocker minor,1
ronald bailey covid last pandem,1
migrant child detent facil percent capac amid influx,1
pfizer covid vaccin effect studi year old compani say,1
biden admin announc new action fund combat anti asian violenc xenophobia bia,1
white hous explor execut action gun control report,1
short circuit roundup recent feder court decis,1
republican attack vote right,1
educ depart suspend payment refund garnish wage tax return student loan borrow default,1
investor cant quit us debt,1
us olymp committe releas protest guidelin clear athlet rais fist kneel nation anthem,1
us diplomat wife social media star chines troll aid state media came her,1
oakland implement first kind race base guarante incom plan,1
biden administr climat cost problem,1
biden administr extend cdc evict moratorium june the legal battl continu,1
ex tiger asia founder trigger billion larg stock sale,1
san diego parent priorit migrant person instruct a slap face,1
buttigieg backtrack say mileag tax show promis infrastructur plan,1
baltimor area shoot leav adult year old child wound report,1
derek chauvin trial key wit invok th amend refus testifi,1
stock futur point tech extend gain,1
activist protest renam chicago school oppressor barack obama,1
softbank seek miami space citi tech industri expand,1
consum group ask fda forc alcohol maker hide fact consum,1
wisconsin suprem court overrul dem governor mask mandat,1
rise digit dollar,1
china float us militari lab possibl covid origin point urg investig,1
defens cuni law dean mari lu bilek,1
famili offic like archego take big risk like hedg fund,1
nike went betsi ross flag fervor lil na x satan shoe,1
sass read biden filibust defens senat floor god save us fate,1
sarah palin disclos covid diagnosi urg american wear mask,1
leverag leverag leverag,1
cyber daili court rule spur debat european privaci law regul ai decis payment compani investig data breach,1
congress give power away,1
yale journal regul symposium adam cox cristina rodriguez book the presid immigr law,1
snyder cut justic leagu internet fan theori come life,1
vaccin flood us covid soar shot scarc,1
cyber daili data recoveri startup hycu bag million fund hacker breach govern offici email schedul,1
hoarder found mummifi pile garbag nyc hous cop,1
wait intern shoe drop,1
certifi narcissist jim acosta vaccin shirt spark mockeri,1
elizabeth warren want break amazon not power enough heckl senat snotti tweet,1
appar unconstitut race discrimin school reopen plan,1
get readi show vaccin passport everywher,1
gayl tzemach lemmon america partner isi fight desper seek clariti,1
north carolina polic offic resign disturb k video,1
presidenti power necessari modern world soho forum debat,1
top clinton natsec offici trip china not investig china investig,1
eve open manfr hope full capac midsumm,1
suez canal ship freed,1
chief question agenc report origin covid,1
senat schumer protect wealthi landown pay risk base flood insur premium,1
mcenani blast vp harri visit border toss polit grenad back biden,1
beyonc share rare snap children famili beach outing,1
shoot flee suspect escap still trigger fourth amend say scotu,1
biden nomin joe manchin wife co chair appalachian region commiss,1
pfizer biontech covid vaccin protect six month compani say,1
bump stock ban highlight danger let bureaucrat invent crime,1
no america gun problem,1
biden blame immigr crisi trump polici,1
secret servic agent interven hunter biden gun incid report,1
tucker carlson covid intern camp come soon countri near,1
who realli blame misinform onlin,1
suez canal blockag ship big,1
video maryland cop handcuff berat five year old boy,1
trump unload fauci fauci claim credit develop vaccin record time,1
biden say us add new covid vaccin site warn complac,1
divid sixth circuit panel reject chevron defer interpret crimin statut,1
gaetz consid leav congress role newsmax report,1
serv sentenc want know go home,1
biden cdc director fear impend doom anoth covid surg right im scare,1
tucker brown univers must get seriou divers,1
matt potting china us busi,1
utah governor sign legisl requir phone tablet automat block porn,1
democrat rep bowman accus suggest minor cant take standard test share cartoon,1
south dakota hous reject governor noem transgend sport bill veto,1
us church membership dip first time poll,1
poll support provid pathway citizenship plummet sinc biden took offic,1
head call probe covid lab leak theori,1
stock futur drop bank warn loss,1
harvard apolog tell asian you may wish asian,1
archego fund manag bill hwang,1
no easier get rifl vote,1
lululemon bolster revenu profit,1
crespo kerr torr v madrid,1
credit suiss nomura warn sizeabl loss hedg fund default,1
pronoun univers classroom first amend,1
biden plan massiv spend bing green energi lose taxpay hundr million fail invest report,1
derek chauvin trial teen film georg floyd arrest testifi,1
california suprem court rule unconstitut imprison peopl cant afford bail,1
texa gov greg abbott plan thursday visit us mexico border citi discuss cartel smuggl report,1
lindor met agre m year deal self impos deadlin approach,1
univers england critic spend money greta thunberg statu,1
outrag handcuf children lead state consid rais minimum age arrest,1
blake shelton say he gwen stefani hope marri thi summer,1
associ press tell report use crisi describ situat southern border,1
former obama cabinet member hid g loan got foreign clinton croni doj,1
